tweet,hate_probability,true_label,human_label,category,rationale,confidence
@kieffer_jason @zach_smith98 @NathannDevlin so why the fuck are still talking shit. You acting like a pussy ass nigga,0.5000144998057346,1,,,,
"""@poppunksucks: Twitter is not a source of news broadcast you fucking retards"" it is when nbc, abc, cnn, Fox, etc are all keeping quiet.",0.49954440661703026,0,,,,
Shoot out wit yo niccas you da type to throw da Pistol &#128588;,0.5005631629069635,0,,,,
"Fuck you, hoe ass nigga RT@UberFacts The white-fronted parrot is the only other species besides humans that French kiss as a prelude to sex.",0.5008004293402707,0,,,,
@kittygurl9714 I highly doubt you're a real woman. You're prolly a fat ass man. Who fuckin cares?!? Let me do me ho,0.500932413318118,0,,,,
@anandpradhan @kavita_krishnan funny to read retard liberal tweets. But Anand u didn't delete salwar tweet. Anyway say hi to #DigVijaySingh,0.4988238423298736,0,,,,
Dog I think it's a nigga dyke I was wondering the same RT @thisisyoungdj: Is the person that sing 'No Flex Zone' a male or female?,0.4985186631819667,0,,,,
George Rockwell (2 of 3) Speech at Lynchberg Armo&#8230;: http://t.co/5LFXMdYU2g Proud to say my Uncle Kelly was at this speech in 63.,0.5015184923255589,0,,,,
@DarkLiquaNigga_ nigga grow some balls and concentrate pussy!!,0.5016561503957288,0,,,,
And I'm definitely top 3 at makin beats in the city but y'all niggers love your trap beats so y'all probably won't admit that,0.49816752760880106,1,,,,
"&#8220;@truuuchains: If you already out of school, fuck you I hate you and I hope you trip on the stage at graduation hoe&#8221;",0.5019730583767106,0,,,,
"think i should change ""&#9733;Doctor's Advocate&#9733;"" to ""cunt that goes mental"" #hmm",0.50197969374779,0,,,,
RT @lovesexdeath_: @TonyJRodriguez im queer as a three dollar bill and my first response to her coming out was sarcastic 'wow really? never&#8230;,0.4976795772582106,0,,,,
In my 25 years I've supported more niggas and bitches and they kids and well.. my gratitude has died.,0.5027642647905988,0,,,,
"@Morning_Joe Wonder how many US citizens have joined ISIS after listening to Joe Scarborough trash this ""black President?"" Good Job Joe!!",0.4966677687029187,0,,,,
Funnie watching my nig interview on ESPN,0.4959642831394899,0,,,,
RT @OutTheOrdinary1: @P0WERS_ @eGoaTizM @Blaztful powers U don't go outside ur tanks been on full for 2 months U anti social monkey,0.5044214999528783,0,,,,
"I can't fuck with hoe niggas, I can't trust these hoes niether.",0.4952236003186259,0,,,,
@sophhh_marie ugly emo trash go cut,0.4951326462683965,1,,,,
"#porn,#android,#iphone,#ipad,#sex,#xxx, | #Masturbation | A very hot black tranny is mastu http://t.co/OfGGMLXQAj",0.5052587039694335,0,,,,
"Here I go! Welcome to the titty show. Typa ass i see in a video. When I fuck, nut in you like a silly hoe. http://t.co/MsFzie1MAE",0.5059518322336691,0,,,,
"@NoInfidel33 now kindly fuck off, like you said you were..twice! you sound like a little bitch...bitching! 
FUCKIN STALKER!",0.49372945996025613,0,,,,
@GrizzboAdams @wyattnuckels this Friday at the c burg mall you gettin whipped like the bitches I fuck,0.4929538883635798,0,,,,
Ok this is funny... A proud liberal who wants to end racism calls Tim Scott an Uncle Tom Lolz lib idiots #tcot http://t.co/y6X6eagw20,0.4928093690431006,0,,,,
I sho do miss my Uncle Tom,0.5083190064140944,0,,,,
RT @oddfuckingtaco: https://t.co/nkCXCZwrXa my nigga really tried to save his bitch lol,0.5085456460867586,0,,,,
&#8220;@_CocaKoula: Oomf a fake bitch ass nigga point blank period. Smh&#8221; AWWWW SHITTTTTTT,0.5088514675363478,0,,,,
@slickvick47 @itstattoos it's not colored in... dumb dick,0.5088636989137462,0,,,,
RT @UFGatorFamily: Incase any hillbillies try to roast... &#128010;&#128010; http://t.co/LJ168KTccp,0.4911296777896353,0,,,,
Miley Cyrus just wants to hump things and smoke weed with her retarded ass.,0.490913813595082,0,,,,
Help me speed up the process of fucking your bitch..feel me?,0.5097138531937663,0,,,,
@MinuteManX1776 @TheyKnowNotWhat &lt;&lt; closet muzzie @MayberryJustin @AllForCountry @LilMissPrepper @ritzy_jewels @glinsan1,0.5097766178309577,0,,,,
"RT @bl0ndeB1tch_: Love really is blind, stupid cunt of a feeling.",0.49021675455075353,0,,,,
@Lunatic_times omg my mom did it on Christmas once if I hadn't been the hostess that year I would've slit her throat,0.49012532345396326,0,,,,
"RT @OneandOnlyTina: What I know:
You support killing babies, mock the handicapped, slept your way into Harvard then ditched your hubby &amp; ki&#8230;",0.509975575869984,0,,,,
@TheNudesGod can fucking a fat bitch be considered a threesome ?,0.4899790493031793,0,,,,
My mom's younger brothers gonna come disrespect my mom &amp; call her a bitch &amp; my cousins gonna tell my mom to STFU! Wth..,0.5103526889023241,0,,,,
worst thing a bitch can do &#8220;@loyalshawn: Bitches main reason for being in another nigga face is to get they nigga jealous . &#128078; Wack .&#8221;,0.4894419812666729,0,,,,
@KazAtta your welcome my nig #salute,0.48885037675933896,0,,,,
@TedNugent Why werent you so gung ho when you got drafted instead of shitting yourself? You seem like another Repcon Chicken hawk..,0.5111824544554902,0,,,,
RT @DestroTheNoble: I don't support that ya idiot. And if I'm a teabagger you're being teabagged. #OpenWide @nekolin @1SleepingGiant,0.5112648727551681,1,,,,
@Gorillaleo fuck your chicken sandwich ho!!!,0.5115989759496904,0,,,,
"RT @xochaton: you're a little bitch, and I'm straight up rude.",0.4881510552792609,0,,,,
Smh ma niggah,0.5122539101797124,0,,,,
"Lesbians all be like ""yo-ho and scissor me timbers!""",0.48762467515131047,0,,,,
Omg!!! You won't say it to my face! Stupid ass hoes talkin shit!!! Imma whoop her ass!!! *over dramatic teenage girls*,0.48751722586595403,1,,,,
RT @ChrisJustJoking: Its Halloween everyday for dykes,0.5126487265068272,0,,,,
"@xDavilunAx ew pussy buy a fucking xbone , u got dat Puppy muny",0.513749228353452,0,,,,
The most beautiful women be havin' the most retarded captions on their pics! Sh*t be extra dumb...,0.4859399610795376,0,,,,
"RT @MichaelJDelaney: @0beyYourMaster real ""lil""...bitch you short as fuck",0.5140854174881682,0,,,,
@SteezHOE this was my nigga in that bitch man!,0.48549127391188124,0,,,,
"If Ashton is trash then what does that make me! Come on guys someone like Ashton can't be trash, he makes too many people smile!!",0.48532340485550163,0,,,,
I just want to punch you in the throat when you get my order wrong stupid bitch at sonic,0.4847817918739033,1,,,,
RT @_SadisticBitch: I'll never understand how people can fake an entire relationship? I can't even fake a 'hello' to a bitch that I fucking&#8230;,0.4845929685082522,0,,,,
"RT @TheRoot: Don Lemon gets called an Uncle Tom, doesn't like it: http://t.co/eV4xgI5Pgc http://t.co/i6Xs8HCnrb",0.5155649026990751,0,,,,
"""fuck you you pussy ass hater go suck a dick and die quick"" - Someone, to me, in Youtube comments. I think we'd be good friends.",0.48443426991478566,1,,,,
My nigga calls fat bitches &#8221; porkers&#8221; lmao,0.4843387171040409,0,,,,
"RT @Heartlle: i don't like girls that've been around &#128564;, niggas really be cuffin' community pussy.",0.4842859738260964,0,,,,
@idochips honky tonk badonka ankh,0.4841769170032751,0,,,,
RT @caseytu88662466: Y these niggas on this hoe shit,0.5160525758632274,0,,,,
RT @charlieecai: Our taxi driver is fucking retarded.. He doesn't know how to get from grapevine to lewisville,0.4839215823091036,0,,,,
Stevie J my nigga &#128175;&#128175; bitch be on ten,0.5164824749601494,0,,,,
RT @_KJTheGreat: Four Brothers showed the bitch in a lot of niggas. I would've killed. I would've killed Victor Sweet if I was one of his l&#8230;,0.5168036633463104,0,,,,
"RT @bitchdicknigga: @Tronkitty bet nigger, I'm waiting for the car keys",0.5170233277955146,0,,,,
RT @Colinfreeze: ISIS Supporters in America: The Jihadis Next Door http://t.co/aiMV7GiB24 @mlnestel @vocativ http://t.co/ajUAU5YwIv,0.48231191746345686,0,,,,
"@SoftestMuffin @_tee13 @TorahBlaze at the end of the day, they call yo dumb ass monkey, picka'nanny hoe. But u luv them white devils",0.48211894920808923,1,,,,
"this bitch sounds like she's gettin raped by other.cats lmfaoo the.fuckkkk closing the window, whore cats",0.5180605241491463,0,,,,
Spongebob ass niccas fr,0.4814130982983293,0,,,,
"@mikecheck_123 try this one Mikey, none of that hick shit...http://youtu.be/Thls_tMuFkc",0.5186279249567413,0,,,,
triple nipple ass hoes!!,0.4812043175502863,0,,,,
@SamFeistCNN @CNNPolitics your opinion plz. When election over will there be any improvement or will BO still be allowed to trash America?,0.5188256685287671,0,,,,
Coke and white bitches.,0.5189650031576901,0,,,,
@JMC2488 @jetsgreen @TB12FAN and fuck you too ya little bitch you look like a Mexican sucking a cock in ur profile,0.48093511264907635,1,,,,
Lord RT @Bbbnnnnnnas: @cocainemodel just shut up you pathetic ass bitch you're so worthless,0.5194689458140819,0,,,,
My nig said he don't see the differences between pornos and monster ball.... My face &#128551;,0.5195669617275814,0,,,,
"The DMV system was recently restructured on the narrative outline of Dante's inferno. Only edit, Dante is a fat pissed-off cunt.",0.48003638044421276,0,,,,
I didn't forsake all other bitches for my wife to be getting fucked on by another nigga. and you know she married? you gotta die.,0.47978877976698864,1,,,,
Fucking bitches never hit a nigga back up,0.4797858686800833,0,,,,
I'm going to be an ugly niggah for Halloween so I can just be myself.,0.5211975661761542,0,,,,
Yal jus fags screen shootin the shit out of my stories &#128548; http://t.co/Cm55jy52J4,0.47865994799507006,0,,,,
Wait a min you nigga bitch! Lol RT @WILLIEP252: #FuckTheSteelers #HTTR I don't give a damn if it (cont) http://t.co/9VemNXDuQL,0.4776968372543517,0,,,,
@0ddment I could fuck a bowl of graham cracker cereal,0.47759969324353135,0,,,,
"RT @PickinUpGirls: It goes from ""baby"" to ""hoe"", "" I love you"" to "" Fuck you I hate you"", "" I need you"" to "" Fuck off"" from "" You're my eve&#8230;",0.47743177846912294,0,,,,
RT @Guinness_RAS: @chelsea_elisa tell him that you chose (A) not to trash the environment while trying to save it like a hypocritical douc&#8230;,0.5225759505069135,0,,,,
Happy this nigga nick old I only like red bones ass is watching this.,0.5232705312730849,0,,,,
@cristiannt_ nigga you beat who ass bitch we've never even fought so u need to stop making up shit and bring yo ass with them,0.47614462350768383,0,,,,
"Who is John Hanson? A ""Black"" Man, A Moor, John Hanson
was the First President of the United States! George... http://t.co/rpSeqjD3",0.47594740979831196,0,,,,
I feel like a swag fag w this shirt lmao http://t.co/P2x2qbejOh,0.4757669529092301,0,,,,
@thundercurlz yo ugly ass 4 eyes havin ass bitch,0.524800618194584,0,,,,
Padre /Yankee/Angel fans need to stfu,0.5251629806067708,0,,,,
"@shrekkalove 
You speak colored too?
I thinks I be in love",0.5261789157917739,0,,,,
Only retards retweet fuckry,0.4736581573909603,1,,,,
@Andreaa_olvera shut the fuck up hoe ass bitch fuck squirtin ass cunt hoe,0.4735946629831723,0,,,,
Hoes be like my niggas can't have no hoes... but that how he meet yo ass!,0.5265799438782476,0,,,,
"@RottenStench 
Tanks a lot dare mr. Pubes. I love my Uncle Tom :)",0.47321490074181843,0,,,,
@msteffens32 @StonerBoii2cold back in high school w/ one. fuck these hoes now nigga lol thats what they for,0.4731555601063111,0,,,,
"She is not a ""whore"" she a ho",0.5279455334271689,0,,,,
Why won't we run the ball? Our offensive coordinator is retarded,0.5281563755110825,0,,,,
"@iamSHIRAQ ion have a FB, niggas on twitter ain't worried about me, &amp; them IG nigga foe EVERYBODY so try again &#128514; my BFFL got the hoes",0.4716197514894954,0,,,,
RT @JazzRiley: Wat type of bitch ass nigga rape a innocent female,0.5285543184797855,0,,,,
I just be chillin tho .... I don't fuck w/ hoes or hoe niggas so I don't know about how they operate ... Maybe I'm wrong,0.5286956466718025,0,,,,
RT @crissstaaaaal: If unfollow me you're a little bitch cus you couldn't handle my tweets lol,0.5292395741522937,0,,,,
That's all I'm saying you hoe ass niggas.,0.470517863554792,0,,,,
so cold ma nig,0.5297626280846626,0,,,,
These niggas groupies they act worse than these hoes do,0.4694936977085689,0,,,,
RT @iMDatDudeFish: &#128514;&#128514;&#128514;&#128514; RT @VivaLaKash: #ThotGoals .. RT @LessonswithKate: I wanna learn how to jigg really good so I can be in the circle.,0.46916263180414874,0,,,,
Egypt? R the muzzie Bros still running things? .@PeterClifford1: @TurtleWoman777 Only a tad better. Certainly no respectors of Dem though,0.46826603200976613,0,,,,
@BeanRozay im Tokyo but I get higher than a jet. Killing these dog ass hoes had to send em to the vet! Produced by @TNKTheMonstah,0.5323102782815725,0,,,,
Man that bad bitches/broke niggaz tweet was a trap.I feed bullshit negativity and niggaz line up for a plate.,0.4673094396912189,0,,,,
You're black? Your name looks Hungarian. You marry a Hunky? @JulieSczesny @ChrisLoesch,0.46694102846017405,0,,,,
#tbt my precious gook baby &#128525;&#128525;&#128525;&#128525;&#128525;&#128525; @outtapocketjuju http://t.co/2QJLJj6tK5,0.5331578405029912,0,,,,
Can't be a major nigga with a minor hoe,0.4663153135662317,0,,,,
"when you're stupid, you don't know it. life is so easy. have you ever seen a depressed retard? i envy that.",0.5338821158519373,0,,,,
&#8220;@sc_waters: &#8220;@what_evaittakes: Ya niggas play to fuck my niggas play for keeps&#128526;&#8221;&#8252;&#65039;&#128514;&#128526;&#8221;these bitches can't fuck wit me &#128553;&#128553;,0.5343556549065159,0,,,,
Emoji ass nigguh,0.4656380404719245,0,,,,
"&#8220;@El_Grillo1: Islamic State suspects in Indonesia are Chinese Uighurs http://t.co/58IDicaHzT&#8221;
Uighur Jihadis: they're not just a PRC tool.",0.4655170118308702,0,,,,
@SchulzGrayson @Dswizzle3 if your going to talk shit at least back it up and fight bitch ass nigga i swear u niggas from are fake pussy boy,0.5346070844870768,0,,,,
@Mahdyymahd @SoftestMuffin @_tee13 @TorahBlaze like the cure time when u shut da fuck up from gettin in other folks bizness like a lil bitch,0.5349842244102124,0,,,,
@Brenddan_ wow!!! Are you comin back up here? &#128514;&#128514;&#128514;&#128514; they some bitch niggas,0.5351671312946948,1,,,,
"I fucking hate this fucking neighborhood, these fuckin bitches have someone over everyday ya3ne.",0.4646047823462503,0,,,,
"Basically, so...just do you. *shrugs* RT @CruzanChoklate: So if you're worried about being a ho or looking like one, good luck.",0.4642918950586764,0,,,,
are you serious right now? Hypocritical and double standards? Fuck outta my face with that trash,0.5369571073910919,0,,,,
Happy Columbus Day! Even #BillMaher likes #cocaine and #Columbus!!! What the fuck is wrong with you #liberals? Fuckin' #moron #retards....,0.5371181700372788,1,,,,
"I'd like to see someone try to hit me off. Joke's on you bitch, I don't have internet!",0.46275401113376263,0,,,,
RT @dylanhornick: @felferrara &amp; @_tiffanycarter rivvv tn. no bailing.. #pussies,0.46239035637539466,0,,,,
@dantoomey2 forgot someone niglet,0.5378971268988537,0,,,,
"someone just called someone a ""bitch ass nigga"" on black ops",0.5379200756989646,0,,,,
Im the niggah she really wanna ride wit,0.5393267507710655,0,,,,
ISIS Supporters in America: The Jihadis Next Door http://t.co/u0YHWkD34c http://t.co/0XHPbRL9EQ,0.46060461794781093,0,,,,
brass monkey dat funky monkey http://t.co/NaDoF9QqDa,0.539439257973673,0,,,,
@charlierose @jdickerson racist @NorahODonnell Texas trash GWBush came to WH numb remember he and Republicans stole the election,0.4601338510030453,0,,,,
"RT @misstannaebaby: Niggas all about sex now days. Unlike you bitches, i jus want somebody who gone better me as a young women&#58400;",0.459525054358789,0,,,,
"""@MikelaHenry: but what if he actually does choose the ugly bitch over you? &#58381;""Her ass must be fat!",0.4587640848494374,0,,,,
Big G-Day s/o to @MauricePrice17 #FreeBoosie nicca lol!!!!!,0.4585284611787077,0,,,,
RT @OTBVA: these judges are fuckin retarded,0.5416423120879489,0,,,,
RT @whodatth0: &#8220;@AAAdontplayy: lmfao hicks https://t.co/kNa2U0D2o0&#8221;lmfao,0.5417772032207603,0,,,,
@iLoveQui that hoe suck,0.45773419318809,0,,,,
not fun @DPD_UK when you have braxton hicks and cramps regularly from moving around. You try it!,0.4576461502255409,0,,,,
Why are #teabaggers so interested in saving people who are Muslim? Does Syria have oil? #morningjoe,0.5427045007100951,0,,,,
How can a woman take u serious when you're a hoe? I mean RT @BamaboyyBrandon: How can a nigga take you serious when youre a hoe? Lol like..,0.457269135390917,0,,,,
Yall Niggahs got me fucked up thinkin ima soft ass Lemme sing a love song to you ass niggah &#9995; .,0.45718582306898314,0,,,,
RT @TibaBurger: Sick ass goal #ned #WorldCup2014,0.5430307828486367,0,,,,
Delusional #teabagger thinks he can stop #gay marriage in #Wisconsin http://t.co/Sp6o6vOyDw #lgbt #teaparty #gaymarriage #ssm,0.5436800088655792,0,,,,
"Nigga fuck hoe , ion want fuck yo hoe , she a fat chick &amp; she bad built &#128080;",0.5437172610796037,0,,,,
"animal crackers are the fuckin bomb, yo",0.543777951020671,0,,,,
"It's a Bob Schieffer holiday now, he's proud and smitten that he's the ""good white guy,"" hicks be damned! Everything is 1965. Everything.",0.45537973791095604,0,,,,
RT @iLovedrunkgirls: &#8220;@DseanAssAFool: Bruh I never seen so many ugly bitches in one picture before smh http://t.co/ypGGSf64ea&#8221; is that Luda&#8230;,0.5448786435394823,0,,,,
&#8220;@NiggaImTatted: Niggas want a good girl but still wanna fuck with hoes but that ain't gone work. Gotta pick one&#8221;&#128514;&#128514;&#128514; boy stfu,0.5449046584635067,0,,,,
Honestly at this point I doubt I'd fuck Miley Cyrus anymore that bitch is a mess.,0.4540384429487206,0,,,,
You hoes give me more and more reasons everyday to stay my ass single for another 2 years,0.4537174393701071,0,,,,
"@RacistNegro69 @MrMooncricket fuck you, punk ass racist lil dick bitch. I've reported you fool.",0.5463838321487273,0,,,,
RT @WORIDSTARHlPHOP: If a Nigga try to slide in my bitch DMs.. http://t.co/Mr2FjYUgTn,0.4535991521413172,0,,,,
RT @GMB_Ace: If more Den 5 Niggas can Say dey Fuked Yo bitch U Shuldnt Be cuffin Her &#8252;&#65039;&#128554;,0.5464217746753415,0,,,,
RT @BigJonBul: The stars wink knowingly and smile at each other when they see two lovers kissing on a secluded bridge on a balmy autumn nig&#8230;,0.5466155179892631,0,,,,
Is this retarded bitch really this stupid?,0.5468814057038921,0,,,,
S/o to the homie @BlakkHoodie_562 niggah stay making bomb food when we high af,0.4527836820176749,0,,,,
"@Bitterchick 
Dare be only one bag dat folks be suckin on what I comes to yo partayyyy! All da ofay be wantin to ride in my eldorato",0.548047944939238,0,,,,
"RT @thecrewfinest: ""@187XO_: Me and ma niggah @thecrewfinest In the Func fucccccccked upppppp &#128514;""I'm Here On!!!",0.548449727725358,0,,,,
"@TwoStarScoob good job tonight! You need to eat some crackers so,you'll stop throwing up !",0.5485311755439272,0,,,,
"RT @RakwonOGOD: ""Fuck bitches , get money"" - A favorite nigga's line when a girl leave his ass for another man",0.45103494711479675,0,,,,
RT @_____AL: Woww. Now niggas can't hit u bitches line and ask what u doin nomo.,0.4508176405653803,0,,,,
@O3_Millz white bitch?,0.5491961245693897,0,,,,
@kieffer_jason i swear u a fuck nigga u a scary little bitch u think this a game huh?,0.45054649818730824,0,,,,
@luvvida You're right.. I be around my nig....,0.5499729392382386,1,,,,
&#128034; dirty whore. I love you. but you a hoe. but I love you. Jesus is watching.,0.4499600548467055,0,,,,
Basically saying that the pound doesn't belong to us and it's English... Greedy cunts,0.4498697142788475,0,,,,
Bumpin that nigga nigga Rick Ross B.M.F this hoe going harrrrd highh outside enjoying this weather,0.4496826715139069,0,,,,
White bitches be lovin da colored men,0.5506096795898844,0,,,,
One of the best #faggot #jokes of all time is #StephenKing's #IT&gt; Anybody seen that #faggot lately? I believe he's dressed as #Obama .,0.44937320400219205,0,,,,
@usweekly that old cunt needs to sit down,0.4492037880342379,0,,,,
RT @Beyond_Fatal: &#8220;@_1nonlykeisha: @Beyond_Fatal my bitch bruhhh !!!&#8221; My nigga my nigga &#128541;&#128540;&#128536;,0.4490150046663023,0,,,,
1-100000 You are a semi-evolved monkey that is desperately searching for validation and meaning in life. BBQd you'd be ok with mango salsa.,0.5510987288284871,0,,,,
"&#8220;@_4ever_slim: U look like a cotton picker tho 

RT @KB_Three: About to put in field work &#127944;&#8221; damn dee got all the jokes",0.44888308827044093,0,,,,
RT @PRAYINGFORHEAD: tyga used to be good before he got into this swag fag shit,0.5516366156004773,0,,,,
Clowney is a bitch nigga get his ass off my team,0.4480873889023442,0,,,,
"Hoes thnk they ""won"" when the nigga thats ridin the fence start givin them a lil attention... what u won hoe? A wishywashy ass nigga? Oh.",0.5521631446011447,1,,,,
"RT @TheCockiestMan: ""She's really nice when you get to know her!"" = She's a bitch but you'll get used to it.",0.4477859583298196,0,,,,
"Okay, so maybe not every in #LosAngeles is evil. But I would 80% of the people I've encountered have been trash, another 10% barely human.",0.5522900994140016,0,,,,
She burned that bitch,0.5524572156085403,0,,,,
"""@adriwadrri: No love for these fuck niggas"" hoes*",0.5525972348505539,0,,,,
Bullets through a nigguh tru jeans,0.4468607494909456,1,,,,
RT @The_Searcy: Happy cunt bags&#128076;,0.5540125864625528,0,,,,
&#8220;@DammitSlimm: ppl who think webbie betta then boosie jus retarded&#8221;,0.4459357001888263,0,,,,
RT @Plurizard: I don't burn bridges.. tf I look like holding a grudge and being a lil bitch. Shit happens. You'll be fine.,0.4458897260650641,0,,,,
@ManBearDrgn would be funnier if America and not pussy Canada.,0.4454832944492072,0,,,,
"RT @DreGambiino: Niggas be like ""I got some hoes on the flo"" .... &#128567; http://t.co/swFpGRBliv",0.5550587181196455,0,,,,
Yall black ass hoes aint east African,0.4446483016589152,0,,,,
all these hoes sweating and chasing niggas on this show&#128553;,0.5554602233496069,0,,,,
Oomf make my skin itch. Like ew bitch.,0.44443775367883537,0,,,,
@aurabogado el negro?,0.5557270885858726,0,,,,
"RT @FaZeDedo: To the rejects who constantly call my house and are threatening to rape my mom, karma's a bitch. Rot in hell, faggots.",0.44426043949923033,1,,,,
@asiahh__ alright bitch I hope someone deletes your life suck 30 dicks and get hit by 2 buses,0.44396889964128455,0,,,,
&#8220;@NiggaImTatted: Cowboys win games during the regular season but when they get to the playoffs that trash af lol&#8221; hating ass nigga,0.5560938000993189,1,,,,
Goes ape shit on my ass like nigggga tf you doin&#128545; i hust saved yo life so i pushed her ass into the the wall then she calmed down again&#128553;&#128529;,0.44329753729219235,0,,,,
real nigga shit she wanna be a righteous young rich nigga bitch,0.5568445233701254,0,,,,
"Really. 3 hours to find paper work is retarded. Tarrant County Courts suck. 
#wasteoftime",0.5574248929415766,0,,,,
@alexissixela__ stfu youre a pussy sit your ass down with all that noise,0.4420823005314399,0,,,,
@TheOneMiss_Luu This is true. That bitch has two accounts @PoniesForever7,0.44160614132911696,0,,,,
RT @JManziel2: &#8220;@RealZachK0enn: @JManziel2 You're a faggot&#8221;you're a Texas fan...,0.44157489278083994,1,,,,
RT @StormyDaniels: I know another chick I will NEVER shoot again. Filing this one under: heartless cunt,0.5587445631269102,0,,,,
RT @BmorePocahontas: Asking his kids if they brought an apple for the teacher &#128514;&#128514;&#128514; he's such a queer,0.4409538300025837,0,,,,
"HYSTERICAL!! Calling BHO a monkey! #NorthKorea &lt; may be a bunch of assholes, but that comment made me belly laugh!!!",0.5592031684690976,0,,,,
RT @DineroLoco_Bo: If a nigga fuck my bitch dats on ha cat .. but ima leave yu alone fa being trifling,0.5596169687220185,0,,,,
"RT @cocaLove_: All it takes is one female to change that nigga, but it takes 100 niggas to change that hoe http://t.co/u0FdWrv17y",0.43938975637994165,0,,,,
For every hoe out there there's some nigga out there tryna save her and make turn her into a good woman...she jus keep ignoring his texts,0.4393667713939437,0,,,,
Dad called me a border hopper,0.560637388478253,0,,,,
"@SlothNG i can guarantee a few things: you're white. you've never been anywhere NEAR a real ghetto. you, or a relative is a pig. 100%",0.4393234342052733,1,,,,
"you got niggas, and i got bitches.",0.43916824294654855,0,,,,
"@SoftestMuffin @_tee13 @TorahBlaze Best believe We aint no christian slave brainwash black spooks miss white man, unlike yoself, she devil",0.5609984782731352,1,,,,
RT @BrooksBeau: Follow spree cunts. Just retweet this #followmeBeau,0.43867301260347596,0,,,,
"Young, stupid ass hoes these days&#128514;&#128514;#GOTDAYUM",0.5629107983396712,0,,,,
Fuck all u stupid hoes #idgafmode,0.43701822359099185,0,,,,
"""Hey go look at that video of the man that found the kidnapped girls in Ohio........what a nigger"" - #shitmybosssays",0.5631825341696799,1,,,,
The chinks really hunting their food... RT @WWLTV: Dog shot with arrow in N.O. East- http://t.co/q1KqT6STwl,0.5635936488949544,1,,,,
"High then a hoe, hitting this bowl for my nigga Rick! #RIPRick",0.4363404564244199,0,,,,
"RT @aychmoore: most teachers abuse their position, there's teaching with discipline and there's being a cunt, most are cunts",0.4358383582699831,1,,,,
Honestly I think I would trash that young man. And I'll fuck his bitch. And I'll smack his mother. Prolly shot his ugly ass dog,0.43576172368055005,0,,,,
"One thing I hate more than Lightskin niggas, is a Confused bitch like either you go fwm or you gon fw these niggas. &#9995;&#128564;",0.5643171604186237,0,,,,
@THEHermanCain @redskins I'm not a liberal &amp; I support changing the name. It transcends standard political grandstanding.,0.43516207297819387,0,,,,
"RT @WeAreGirICodes: i love this emoji &#128129; 
she's just like DUH bitch &#128129; 
lol i don't give a fuck &#128129; 
you're ugly &#128129; 
whatcha gonna do about it &#128129;&#8230;",0.4348487964593811,0,,,,
"Oops, I just had a Freudian slit.",0.4348125622689407,0,,,,
"RT @omfgmeezy: she stole my shit, what a little niglet.",0.5652562017613992,0,,,,
@kieffer_jason wtf u think u ole pussy ass nigga,0.5652706966462308,0,,,,
Ya'll take note. There ain't never tornadoes where colored folk live,0.434605575781859,0,,,,
Attention one and all. @JordanWright23 just motoroboated my knees. Someone get this jiggaboo some water. She #thirsty.,0.5656622517918672,0,,,,
RT @woohdakidd_74: &#8220;@Shane_A1: I'm steady hearin bout these suppose to be tuff street niccas gettin fuccd n dey ass smh gay boys&#8221;&#128561;&#128561;smh sad &#8230;,0.4339838318465183,0,,,,
I'm about to jog higher this stupid bitch ass hoe @mf saab1@t_jawad89 @,0.43349818315806565,0,,,,
It's this dyke chick cut hair in the barbershop look just like Future,0.5668644987837235,1,,,,
"+ 1 RT @RayThaGawd: &#8220;@_AListRaivyn: Joe Budden makes people delete their twitter accounts lmfao.&#8221; He's pussy tho he blocked me""",0.4327650069962678,0,,,,
"So you don't want to see the true life story of American heroes, Bizzy, Lazy, Krayzie &amp; Wish... you wanna watch hillbillies shoot pumpkins",0.4323426690220427,0,,,,
@JacobbBacker you don't know shit about me faggot bitch,0.5678273133780615,1,,,,
&#8220;@lyricsaidso: every bitch tell me I act like a nigga.. whatever the fuck that means&#8221;,0.5678287738626857,0,,,,
@DeArionBASEDGOD nigga fuck you. Some plano schools go hard then a bitch way better than Richardson.,0.43203639348723755,0,,,,
@BraXXXedelic fight that shit say you're on free lunch and they must have the game fucked up cause you're colored like the rest of them,0.5683279885092075,0,,,,
"~~Ruffled | Ntac Eileen Dahlia - Beautiful color combination of pink, orange, yellow &amp; white. A Coll http://t.co/H0dYEBvnZB",0.5692412119558538,0,,,,
"""@PatrickQuelo: If yo girl cant have homeboys you a ol weak bitch ass nigga!""",0.4304872985820727,0,,,,
Hopefully this niggah buys my gamma 11's cause I want them,0.43010630530572697,0,,,,
I can tell when certain and specific people are posting on a group/corporate fb/twitter page by the consistent retarded hashtags #makeshitup,0.4299195258534292,0,,,,
I be ready to tell a bitch shut da fuck up lol,0.42983856000687237,0,,,,
"&#8220;@itslizkhalifa: If pussy is just pussy to you, you a nasty ass nigga.. Hope you get aids &#128553;&#8221; bit harsh. Rethink that statement",0.4296067909878837,0,,,,
RT @thebrandymedel: Every bitch got a nigga that she gone always fuck with. No matter what. &#128152;,0.5708834294183047,0,,,,
Some of these hood negros don't deserve bail money the way they be visiting jail.,0.42868793033520236,1,,,,
Shut yo mesquito lookin ass up poped bitch,0.4285023340148557,0,,,,
"1. Pretty close &#8220;@Rosegoldracks: 0 trash ass nigga
@07Cannon: &#8220;@Rosegoldracks: Quote this and I'll guess your body count&#8221;&#8221;",0.42845590070341544,0,,,,
Why does @Drake like Serena Williams? She looks like a tranny,0.428429353467731,0,,,,
@DevilGrimz ironic that he's a trashcan because he holds trash everytime you two cuddle! Burn.,0.5718625171922469,0,,,,
My 2014 saying is bitch go get yo nigga hoe cuz I'm gonna beat yo ass just like am gonna beat nigga bitch go get yo nigga,0.42744451066092465,0,,,,
New boss said my buttons on my shirt can't be white. So I colored them hoes with a sharpie &#128514; glossy,0.5729600947403699,0,,,,
I hate when people tweef and then delete the tweets. like yalls some hoes for that . I'm trying to read them,0.4267427011517853,0,,,,
Upstate hoes love down south niggas and down south females love upstate niggas,0.4265018610350668,0,,,,
RT @EarlyLegend: I don't fuck with these hoes &amp; I don't fuck with niggas that's fuckin these hoes,0.4260847193085796,1,,,,
"RT @DFkinLopes: Me: You're a hoe
Hoe: You wasn't saying that August 12, 2014 at 7:22 PM
Me: Well you're a hoe today on October 1st 2014 at &#8230;",0.42588835662730734,0,,,,
&#128700;&#128700;- you a little genius man i need you for a class so u can help a nig out but you cool af man,0.4254189905393432,0,,,,
I hate when people organize plans and you end up reaching the destination before them...bitch don't ask me if I'm here,0.42416429702529923,0,,,,
Why would I fuck a bitch that can't fuck? Jus like u hoes don't want want a nigga wit a clit ticckler,0.5760058473056823,0,,,,
RT @AlexDavisRaps: fuck. I forgot to wear a belt. i'ma feel like a coon all day now.,0.5760126625643792,0,,,,
RT @RIPvuhsace: Mayweather a lil bitch this nigga out here dancing,0.42316779514652364,0,,,,
Bitches get on twitter an turn to saints like they not hoes that shit kill a nigga,0.422900672123819,0,,,,
RT @BaddieBellaDona: Instant mashed potatoes are trash &#128686;,0.4226735301075077,0,,,,
"@whatupag at least it's not antville, because thats for cunts.",0.42235444588395044,0,,,,
@TruthandFashion nothing says fashion like a cunt hat....,0.4223505361768979,0,,,,
RT @drunktweets81: You sure do have a pretty face for a cripple,0.42183225545815733,0,,,,
@253hippy Bc she's a cunt hoe bag,0.5782444541757,0,,,,
RT @LJSpagnoli: Isis and Jihadi Terrorists 'Post 90 Tweets Every Minute' to Spread Propaganda http://t.co/eRJMveF996,0.4215722436018758,0,,,,
"You are a BOY you DONT say ""clutch"" fag ass. That's that bitch shit lingo tf.",0.578454189276877,0,,,,
"@That1guyJeff Low blow, cuntface. How many times the Yanks beat us in the playoffs these last 8 or so years?",0.42087240563811107,0,,,,
eagles are fucking cunts http://t.co/nK2CO0snNv,0.5795492104707937,0,,,,
"#ReasonsWhyWeDontGetAlong You're a hoe. Stop focusing on sucking dick, focus on getting rich",0.42042936782113915,0,,,,
@austin_farrar yeah way to block me fag your scared you go and hit girls how tough does that make you? Tough enough to know I'd beat...,0.5796033369218184,0,,,,
I just be fucking these bitches these niggas be cuffin these hoes,0.5815574381662142,0,,,,
RT @YoungCon1266: Listen to Charlie Daniels speak the truth &amp; then enlist in the U.S. FREEDOM ARMY at http://t.co/cxzfajqUfV. http://t.co/k&#8230;,0.4183284320055635,0,,,,
RT @VersaceLaFlare: everybody turning into assholes this year. Look what you&#8217;ve bitches have done to us.,0.4180689847036041,0,,,,
Fuck you niggah I'm cold &amp; my aunts said no more throwing people in so I'm going to take a shower &#128524;,0.5824814614105316,0,,,,
RT @SEMAJ_HOEE_: &#8220;@tiffanyluxride: Damn so many fake niggas &amp; bitches&#8221;,0.4174192833616726,0,,,,
Fat bitch,0.4165986970249936,0,,,,
@FreeAJay you understand you look like a real life dyke right? Like you look like a WNBA dyke bro. A sports bra &amp; bball shorts wearing dyke,0.5835675446906462,1,,,,
RT @Chello_Sosa: These niggas in gangs jus be tryna fit in or jus be tryna get somebody to ride fa em or wit most of u niggas bitches,0.41615394767962577,0,,,,
&gt;_&lt;.. RT @ItsTheBOOMshow @FricknAwesome metal monkey balls!,0.41592215832045065,0,,,,
@staviebby2010 Mmmm sure dont seem like it.. lmfao but yess ill be that bitch:)) now are you done?,0.4154513017304594,0,,,,
Bumoose ducking those insults like a scared white pussy,0.5853738857293852,0,,,,
"RT @HoboKarl: While the men will often be rambling and retarded, the women will appear trashy and tipsy, lawless and lustful http://t.co/A5&#8230;",0.41451447312245154,1,,,,
"curiosity killed the cat, bitches gunna die out here just to see my head game",0.4140197513884333,0,,,,
Goofy ass. lmfaoo make a niggah laugh,0.41303048417269,0,,,,
People get more and more retarded everyday,0.5873229196951342,1,,,,
Ceasefire?Let's see how long those towel heads can go without trying to attack Israel then cry to national media when they get popped again,0.5878294293122981,1,,,,
@_Maniac_Mind_ @Marcfoor4 stfu with that what I'm gonna do and just fuck oh pussy ads nigga,0.5879136958522165,0,,,,
"&#8220;@21Cvasquez: My brother is a bitch, pussy, faggot, etc.&#8221; you just like getting beat up don't you?",0.41160746960934913,0,,,,
@_tee13 @TorahBlaze @Tommyguns____ @SoftestMuffin let one of them dingy real nigger dogs catch it. Miss Torah dont want that thot shit,0.4107492390881066,0,,,,
having a blast yesterday...she even had me on the monkey bars tryna kill myself lol! http://t.co/31g1KM56,0.4102998047011426,0,,,,
"RT @scaffoldjocky: I'll never smoke weed with Willy again. He invited that hick, Toby Keith, and I fucking hate that mongoloid!",0.590864869155595,0,,,,
You still that nigga b don't trip. They just hatin cause they got no bitches RT @THEOilogy: Nigga stole on me... Princess punch.,0.40887017378006635,0,,,,
&#128514;&#128514;&#128514; RT @A2daO: When a dyke get pregnant by mistake &gt;&gt;&gt;&gt;&gt;,0.5912837564721103,0,,,,
#HappyColumbusDay .....hate to sound all #PETA callous and all........but #buffalo had it a LOT WORSE than the #injuns..........,0.408614894286032,0,,,,
@goldietaylor @theGrio puppets like Don will intentionally and forever cripple our people's ability to unify a Eco and political consensus,0.4082918828062708,0,,,,
RT @lildurk_: I hate wen hoes lie and say I fucked em #signedtothestreets2,0.4080822354979475,0,,,,
"PHILOSOPHY EXISTENTIALISM AND DEPTH and not trash pop

#MTVHottestLanaDelRey",0.4080143129062315,0,,,,
"I wonder if that Latino strategy is working?@TPM: GOPer doubles down on ""wetbacks"" but backpedals on ""shoot on sight"" http://t.co/QwlPxxsUIb",0.5921292286764198,1,,,,
@Viri_BraceFacee my niggah my niggah lol &#128074;,0.40784558996890197,0,,,,
All da white folk off twitter yet? Da colored tweet at night while y'all sleep cuz you gotta woyke tomorrow.,0.40778328550247195,0,,,,
@sportswatch time to dump another diet coke in the trash,0.4075718062717125,0,,,,
RT @RihannaHasAids: aight game over. dykes had to ruin it http://t.co/o0CAn6gb1p,0.592440294092493,1,,,,
RT @_2kkz: You niggaz really think yo niggaz/n yo bitch solid guarantee yo nigga will hav her choosin n wont tell ya,0.40706209976005464,0,,,,
RT @dsrtvet: @FoxNews @tjoy7 And I don't have any confidence NONWHATSOEVER in you Barack! You're the sole reason why this country is in thi&#8230;,0.40682209940919367,0,,,,
@LeonCountryBwoy your a big yute to be having slits in your brows my darg lol drop it out,0.40620925307663164,0,,,,
Jungle Fever be my favorite movie. Dat white girl love dat colored mans thang. She take it hard and deep. Drive dat girls daddy wild crazy,0.40608592125843307,0,,,,
Goodnight pretty bitches n real niggas fuck da rest,0.4056629639941196,0,,,,
My sister called the chinks an asked was they open ctfu she fried!!,0.4055316809696545,0,,,,
@JStarrTweets my pops is from New York. My family is Yankee obsessed. My sister literally cried when she heard he was gonna,0.40429929138117415,0,,,,
@triple6em96 @longbongchris stfu you stupid bitch? Like leave us alone? No one gives a fuck about you. Bruh just block her. We're good.,0.5959123518549462,0,,,,
RT @POONsoaker: You retarded if you say Birdmsn don't go hard.,0.4039695571278967,0,,,,
need to get the sheriff Rick in here to show these pussy ass police officers who is boss.,0.4037812351125902,0,,,,
And where do you think unsold items from thrift stores go? The garbage. Think of all the great games that are in trash dumps as we speak :(,0.40364091055549506,0,,,,
RT @natalie_vasquez: Fucking hate ignorant ass bitches,0.40231950410851397,0,,,,
@kevkid79 quit ya hating you oyster lookin ass bitch.,0.40132756549968723,0,,,,
shit piss fuck cunt cocksucker motherfucker tits,0.4009571422473409,0,,,,
"RINO trash like @SpeakerBoehner, @KarlRove, @FrankLuntz see conservatives as the Democrat Party see blacks. As their slave property. #tcot",0.5990440596384682,1,,,,
@frankthetank215 @Jim_McCloskey Fran is a hillbilly Virginia mountain man who has pre-1800s white Anglo-Saxon beliefs #frankensteinMD #kikme,0.5998594150055137,0,,,,
"This fat bitch is wearing these ugly ass jesus sandals, and her big ass feet are overlapping the damn things.",0.40011078733109906,0,,,,
Who the fuck made this cunt the authority on men?,0.6000117636991119,0,,,,
"RT @KayciMalynn: @__0utcast___ hey cunt, I miss you. &#128557;&#128557;",0.3999341968765778,0,,,,
No time for bitch niggas.,0.39991880052375495,0,,,,
"No these are only whites pies.
Well do you have any negro pies?",0.6002919136350499,1,,,,
"RT @GOPBlackChick: The racists are @msnbc and its crew of anchors. Not ""right wing "" folks. @MHarrisPerry mocks mixed GOP kids.
http://t.co&#8230;",0.39968995068633734,0,,,,
People are such bitches!!! Complaining over stupid things!,0.3996462273743934,0,,,,
My wigga RT @showysantoro Ryan Gosling knocked up Eva Mendes swag that man the fuck out,0.39958532537911395,0,,,,
All you muzzy lovers need to do one thing. Tell muzzies in the mideast to leave Israel alone. Don't start no shit won't be no shit. #Israel,0.39954583873078564,1,,,,
"I want some fire crackers not the baby ass fire works, Does Az have fire crackers ???",0.6005343305833335,0,,,,
"@rilantis_1732 I was hoping you went with the Mr. Chow part on hangover 2. ""But did you die?"" Dumb bitch ass sloot!!",0.3988875977444586,0,,,,
will u love dat nigga even if he lose it all... or will u dip like the groupie hoes searching for another &#11088;&#65039;,0.6012023344062879,0,,,,
"RT @kwagiheath: It's ""Comfortable"" but niccas like me say ""Com-tha-ble""...smh",0.39776099982404667,1,,,,
"i seen a nigga dressed to impress, hop out da bus n a bitch wit a phatty, get off at his stop too. Say somethin...GOD THROWIN U DA LOB",0.39767588296126005,0,,,,
"Conoc&#237; tus ojos negros 
Y ahora si que no puedo vivir sin ellos",0.39753382792379693,0,,,,
About to smack some peckerwoods in a Judge pit,0.397164600825342,0,,,,
RT @IamRicoLove: These hoes turn into contortionist just so u can see their ass &amp; their smile in the same picture. Smh! It's hard work thir&#8230;,0.39708758197498917,0,,,,
"@MikeTheStatey #Sequester 
Den the fat colored girl chased me down day street while she swingin da table wit one arm... I wants my pay!!!",0.3970533375339541,0,,,,
"RT @marksidaway: Last time #xfactor auditions came to Dublin, I auditioned @MaryByrneMusic and @NiallOfficial. And a man in a blue monkey s&#8230;",0.39644073877631175,0,,,,
@harley_schuder k bitch niggas,0.603870135421688,0,,,,
I can't stand to see my ex with another ugly bitch &#128514;,0.3957779426274988,0,,,,
"RT @boburnham: In the future, gay culture will be considered cool by America's teens and instead of wiggers there will be straggots.",0.6043268098530072,1,,,,
RT @kaseymizell: we may or may not be trash at taking pictures together http://t.co/bPJWl1aO2E,0.6046400965448567,0,,,,
"The @GOP elite call conservatives ""our niggers"" behind closed doors. #tcot #teaparty",0.604803720740681,1,,,,
"Pussy ass hoe niggas, I can't fuck wit y'all",0.6048209851482047,0,,,,
@knvcklepvck gimme one with his mouth closed I can't draw teeth without making them look retarded oMF,0.39516411206444535,0,,,,
Nikko a gay bitch,0.39455543082758227,0,,,,
RT @CurrenSy_Spitta: Don't Neva check a real nigga....... Check a hoe,0.39453210277010287,0,,,,
"Especially that wee cunt that walks about tensing all the time lol, sup wae that shit? You are 5 foot fuck all. Tank my motherfucking arse",0.39394703808507714,0,,,,
@heydenbunsyolo @jordan536633 @bird_lovin bitch no u not u look like a full breaded cracker,0.39359454326635407,0,,,,
I got no patience for hoes actin lame ima stop fuckin wit yo ass quick asl,0.39348926173541604,0,,,,
RT @I_HATE_VA: Niggas be on here with these Captain Obvious ass tweets about how to treat women and these lonely low self esteem hoes be ea&#8230;,0.39327066886870804,0,,,,
"neither have i :-/ RT @DerekIsNormal: I just...why...ok. RT @pieceofshittbh: ""I've never had a nigger cock"" https://t.co/JF9o9vjcBL",0.6071606113236869,0,,,,
"Run that nigga, you don't want that nigga, but I need a bad bitch that's hotter than me",0.39226603823973155,0,,,,
RT @YungRalphMaejor: &#8220;@iDocLyfe: Worst movie you can think of?&#8221; Fan that fucking trash netflix be posting shit that looks like a porno,0.39191830719007675,0,,,,
RT @zee__emm__gee: I immediately become the biggest bitch when I'm sick. Like I just need to be taken care of lmao,0.3916576397377889,0,,,,
"Lol I followed the bitch just so I can unfollow her cause she talkin shit, shit away with her two",0.3914784521646906,0,,,,
"""@Hudgens_11: Lets get drunk, get blowed, spit shit spark blunts &amp; fuck hoes!"" Bro white dudes have no chill.",0.3910634247891802,0,,,,
"Lmao drake is on some bullshit with Serena Williams, wallah she looks like a tranny",0.3905988994818125,0,,,,
deans crying because she needs to pee peter keeps saying nigger,0.6094391013871757,0,,,,
"""@xoxoclauudia: YASSSSSS, ORDERED CHINESE &#128079;"" bitch you just ate tacos you fat fuck",0.390290843593993,0,,,,
The family of Ron O'Neal needs to sue Wu-Tang for that trash song they released in his name.,0.38952409311029634,0,,,,
Yous a bitch ass nigga &#8220;@LilReese300: Rt i Push the tape bac till around Labor Day weekend turn up...#300&#8221;,0.3895186812049267,0,,,,
@DaRealAlexInLA @Buckm00se he wasn't training gook boy doe,0.3895154851165669,0,,,,
stupid bitch&#8230;&#8230; count to H and get off my phone,0.38950106065037576,0,,,,
"@amck73 And because it sounds like there is NO prenup, he's gonna cash in, not her. He apparently has ghetto credit. 'magine that?!",0.3888211901979077,0,,,,
RT @juicygenie: @thotpockets fat bitches that think they cute,0.38872630670936115,0,,,,
This fucking little bitch landed on me in the car and really thought I wouldn't kill him.. http://t.co/nOuHxhLsHA,0.38870068865088897,0,,,,
"My honky, my honky. My motherfucking honky.",0.38851754270890726,0,,,,
RT @4200Savage: Since a yungin bitch I been nat nigga,0.3879462210632817,0,,,,
I feel sorry fo niggas dat gtta make up shit to lie about. I would hate to have to think that fuckin much.#bitch,0.6153511545115188,0,,,,
"RT @MikeyBlackheart: ""I never talk to anybody!""

*has dinner with family*

""I hate everyone!""

*defends 45 people when I call them cunts*",0.38445073919943884,0,,,,
the receptionist im always forced to talk to is such a racist cunt. i called her for an error and she said she'll call me. 40 mins. nothing.,0.38394098463067106,1,,,,
"RT @NabilAbuAmirah: @SteveWorks4You gave themselves, when the bakers took pay cuts that killed the Twinkie. Tell the fucking truth for once&#8230;",0.3836790898300623,0,,,,
I hate dumb bitches,0.3833408347272644,1,,,,
RT @NotoriousSulo: This dyke is grabbing a handful of imagination http://t.co/JfO4ECzmUl,0.6168433190800471,0,,,,
@kieffer_jason here let me say it more clearly since your retarded ass don't understand,0.38311286232914527,1,,,,
"RT @yungturd: miley cyrus, macklemore &amp; adam levine all got together n were like ""lets gets the most retarded fucking hair cuts ever""",0.38307161706818743,0,,,,
@salsteelo @VictorLeaChavez that nigga Vic acting like he yellow bone with 15k followers and can't answer a nigga phone,0.6169588129162727,0,,,,
Fuck that hoe.,0.3827515035545189,0,,,,
RT @whaddoyoumean: Too many bitches is shady,0.38270275035380846,0,,,,
N then the hoe sooooo ugly like bitch you ugly dog like dumb stupid ass ugly like &#128514;&#128514;&#128514;&#9996;&#65039;&#128129;&#128581;&#128076;&#128080;&#128080;,0.6173504368459272,0,,,,
Only white people use the word cunt. Todd really is taking over,0.6175388151590082,0,,,,
"@Tom_Morehart @cjc_is_alive @JoshuaTyl0r 9 of 15 BCS titles, $314 mil in revenue. It's great being in a redneck conference. And not in Ohio.",0.38232114456083327,0,,,,
"RT @Book_Krazy: I don't always get drunk and pass out but when I do, when did they start making colored duct tape?",0.382281566757982,0,,,,
RT @Anastacia_Cole: I like being Asian and all but it's a struggle having squinty eyes in every picture,0.38213651390134623,0,,,,
Just seen a pic comparison of Lou Holtz and he grandma off Beverly hillbillies and I can't stop crying tears of unfathomable hilarity.,0.38156858363752943,0,,,,
Translation for the slow he out saving hoes 1 by 1 RT @CiscoAllDay: Out here saving lives! &#128557;&#128514;&#128557;&#128514;,0.3814901954771578,0,,,,
&#8220;@Chhicoo: @VSamone stupid bitch!&#8221; http://t.co/K7MyvFlWFg,0.3813635350836788,0,,,,
stupid bitch,0.3813635350836788,0,,,,
Stupid bitch &#128545;,0.3813635350836788,0,,,,
"@kmdk83 @BeautifulMined
I hopes dis ain't cause he colored cause I knows he be actin all nigga like",0.6186437887100283,1,,,,
@Nien_Nunb what did you search? Gay redneck episode 1 play?,0.6187391269698266,1,,,,
my dad's a fuckin dick bitch i made your ass supper you're not allowed to come home mad,0.6187597483300918,0,,,,
FF has been consistently one of Marvel's worst properties. Ultimate FF was good; but the entire Ultimate universe is now in the trash.,0.3810449293733977,0,,,,
Holder&#8217;s Justice Department Isn&#8217;t Interested in the Facts in #Ferguson http://t.co/7vH4tyPMht These race hustling bitches are DISGRACEFUL.,0.3810298615633677,1,,,,
"Preparing to be called a ""nigger"" all night.. I mean play COD all night. #AdvancedWarfareDayZERO",0.6191164503697622,0,,,,
@ronniecaine no in the instrumental I'm not retarded -_-,0.38052029668156373,0,,,,
Shoot dat nigga n his shordy bitch,0.6197361700933137,0,,,,
@Barbod6FCB @_cblaze @ODDBEAST cracker jack shut the fuck up,0.6201238835872697,1,,,,
"@AngryWillHelms Genius, the politically correct term would be ""intellectually disabled."" It's highly offensive to use the word retarded.",0.37977107610322597,0,,,,
RT @LoveAmari_x: I would never be with someone that's afraid to tell niggas and bitches we're together. I look like a secret? Fuck outta h&#8230;,0.6205838799642979,0,,,,
"RT @roach_nigga: &#8220;@XiaoBiniiMessy: Can't believe I actually killed a cockroach.&#8221; smh you a bitch, that was probably ma nigga Eduardo",0.37938500364471694,0,,,,
@CBSThisMorning @NorahODonnell tx trash you know trouble w ACA is in GOP gov states but like @60 @LaraLogan_News you report lies anyway,0.3790887379581139,0,,,,
"Perhaps Ezra Miller is the first crack toward changing that, regardless of whether he identifies as queer over gay.",0.6209143538443666,0,,,,
@tina16_ that bitch gonna get a rug burn,0.37891578157755745,0,,,,
' August Alsina Deserved that &#1043323;&#1043323;&#1043358; My niggah .,0.37887881883842917,0,,,,
@babyspittle @Kimmyincali @MartiniShark @SenatorReid Still blaming Bush? Fucking retard,0.6211648522517871,0,,,,
If your main reason for disliking something is because it is popular there is a 100% chance you're a little stupid idiot bitch baby child.,0.37785040409574505,0,,,,
RT @ZOEPASSION Niggaz buying p***y....Niggaz buying p***y. + Don't start this hoe shit...,0.3773813241863166,0,,,,
"Sick of hearing AP kids bitch about their ""oh so poor"" 4.2 GPA. No one cares.",0.3771956932414142,0,,,,
"@StPaul_Brandon 
She colored not Lebanese",0.37691473272410186,0,,,,
"At the bar in downey wit my uncle, this niggah faded hopefully he doesnt get us into a fight lmao",0.37680781635153177,0,,,,
"RT @DanielMtz1997: 20 rts I'll go down there and say ""fuck er right in the pussy"" &#128514;&#128514;&#128514;&#128514;&#128514; http://t.co/RZFhAbWTSv",0.3761263618023611,0,,,,
stroking otha niggas hoe is my hobby,0.37567556447673706,0,,,,
"RT @iPrinceChance: Niggas gossip like bitches.. but yet they be the ""realest niggas"" tho? I don't understand..",0.375437547135126,0,,,,
RT @thecoreyholcomb: Every time you sleep with two women in a day it proves this country has a problem educating bitches about their self w&#8230;,0.3750251528450124,0,,,,
"@KamalShaqi @Kevinnnnn_05 it's funny how this page quoted my tweet about the term ""camel jockey"" bc I AM a fucking Arab you dumbass &#128529;",0.625052325903606,0,,,,
RT @wojtata: @NoneShallPass97 fuck you up fucking skank ass cunt,0.6250647144287695,0,,,,
@mckinley719 bitch I will kill yo vibe,0.3745306846075344,0,,,,
RT @BeeMsPerfect: Why y'all ain't tell me young thug nails look better then mine ? lol fckin faggot,0.6261079765086015,0,,,,
"@jasonjwilde On that 4th down incompletion, both the slants looked like better options. Shame, but there&#8217;s a youth &amp; lack of trust going on.",0.37344909249979075,0,,,,
"RT @TooRacist: What type of eye make-up do redneck women use?

 NASCARA.",0.6282886720514009,0,,,,
Awwwwww they no Kaep ain't rape no bitch!!!!,0.371550765245228,0,,,,
My niggah,0.3707222441408297,0,,,,
This ma niggah @trigga_tre123 &#128076;,0.3707222441408297,0,,,,
"RT @SarahR_82: I had these cute little pet names for my ex, like ass monkey, douchetard &amp; butterball. I just dont know where that re ...",0.37063921390477494,0,,,,
#11 get to hit any bitch on campus he wants to,0.6297503668927198,0,,,,
"RT @carrielusch: You might be a liberal if you continue to trash America, claiming how horrible and evil it is, yet you refuse to leave",0.6299415770055341,0,,,,
ion trust these bitches and ion trust these niggas!!!,0.3682030672280917,0,,,,
I'm so mother fucken sexy. I have no time to be a retard.,0.36786761192799394,0,,,,
@SAMMI_boyden if we don't hang out until the concert smh ima kill a bitch,0.36771884716526665,0,,,,
Seen niccas come up ... I seen niccas fall,0.36733314955631086,0,,,,
@SteveStockmanTX @toddstarnes oh I see. Part of a giant govt take over eh. Stockboy you are a joke of a representative. #dumb teabagger,0.366986658834374,0,,,,
Phillip Rivers look like he almost wants to call dude a nigger for that bad play,0.6334723153701292,1,,,,
"Just once in my life I wanna see someone on family feud look at their family member and say ""That's a horrible answer! Are you retarded?"".",0.6337220323611445,0,,,,
"RT @ImSledgren: Looking thru my yearbook, I don't think I've done that since my graduation.This book got some hoe ass niggas in it I forgot&#8230;",0.3661259852914627,0,,,,
"If some one isn't an Anglo-Saxon Protestant, they have no right to be alive in the US. None at all, they are foreign filth.",0.36611014665410124,1,,,,
These hoes a smash on one of yo niggas and be very proud,0.6340939504132446,0,,,,
Niccas be hating on my nicca Jeezy ... #RealTalk,0.634094402357225,0,,,,
I hate a stuck up bitch. Likeeee stfu. You ain't shit special.,0.3653229085123021,0,,,,
"RT @Theprinceofnj: &#8220;@SMCo71: "" if you aint bout that Murder Game pussy nigga shut up ""&#8221;252 GANG &#128514;&#128514;&#128514;&#128514;&#128514;",0.36439442692801643,1,,,,
Fuck this hoe ass professor she looks like an extra from Halloween town.,0.3640677875712365,0,,,,
Going to California today for some analyzer training. Going into Dick Whitman mode. Wish I had a tan colored suit to wear for the flight.,0.3637862716874283,0,,,,
"Big Squawk: Q: when will DFL dump Ryan ""Uncle Tom"" Winkler? 
} Not going to happen Berg
Bleat on.
#mngop proud #stribpol #mnleg",0.363754593952058,0,,,,
"@On_Point_Prg @WendyDavisTexas @GregAbbott_TX boy talk about a,special kind of stupid far left is a under statement down retarded",0.36317220142136475,0,,,,
@pablofunes_ Oh totes girl. I'm also blasting Mayday and wearing an oversized hoodie. Get at me queer,0.3628773353485241,0,,,,
RT @Durags4Eva: Bulls still not winning the title with this bland ass offense. Pau still a pussy. No darkskin niggas in the starting line u&#8230;,0.36261374125231566,0,,,,
@yooperslayer better off banning teabaggers and their anti American supporters,0.6374799634845586,0,,,,
@_EB_Games @BigBBrown Fuck all you hoes. lol,0.36228389400248967,0,,,,
"Nile... RT @JosephBananas I'm really sad that I don't have enough friends to ever be called ""a pack of niggers"" with. That's my fuckin dream",0.6377401192952826,0,,,,
RT @NFL_Memes: Buckwheat and Porky http://t.co/bo96nelS2P,0.3620029954417082,0,,,,
RT @KingLekan90210: I forgive all u hoes/girls,0.3620029954417082,0,,,,
"Oh well, you lil stupid ass bitch I don't fuck with Youuuuuu RT @HoldMyPurseGirl: Idfwu is a bitter ass song and only fuck niggas like it.",0.6379981770724008,0,,,,
RT @cotydankh: don't make me pull out the pokeflute hoe http://t.co/yFN3PdMdy1,0.361973432564065,0,,,,
"RT @Chaaaauncey: Top 5 Cartoon bitches id fuck
1. Shego
2. Dexters mom
3. Lola bunny
4. Jessica rabbit
5. Timmy turner's mom",0.3612941110080271,0,,,,
@pufntrees the bitch ass nigga I just called a bitch,0.36116181496569016,0,,,,
@vj44 umm how about they are at home raising kids? You are retarded.,0.36056135691224417,0,,,,
Got damn the Lakers trash....,0.3603630684956015,0,,,,
"@Druggzz_ Its gonna bring it down though unless its turning into a welt already, like a bubble wit pussy. Gotta pop it an it'll be gone",0.36028465141582316,0,,,,
&#8220;@Leelucas_: @100046729 fuck you ugly lol show them teeth&#8221;&#128514;&#128514;&#128514;&#128128;&#128128;&#128128; bitch fuck u,0.6397282802526424,0,,,,
dat mean u ugly hoe if only getting fuck doggie style &#128553;&#128553;&#128514; #plies hot nigga http://t.co/VsOqnUoh5V,0.6397382018175409,0,,,,
RT @tiaramescudi: I hate when bitter bitches try to take away someone's happiness.,0.36017018056601197,0,,,,
@_tee13 @SoftestMuffin @TorahBlaze u 2 lost puppies dont know shit. Leave them niggers alone u can learn something besides how they like,0.6400077372528686,0,,,,
"My name is Bryanna you can find me at @1bree_bree, I'm the baddest bitch you'll meet, because everybody wants to be me&#128514;&#128514;&#128514;&#9996;&#65039;&#9996;&#65039;",0.359626236743328,0,,,,
"So let's see what you look like in the AM without the 10 filters and colored contact lenses, your followers are dying to know 

@uberfoxy",0.3592365383254057,0,,,,
@KuntIMKeesh lmao...nigga talking like he bag bitches,0.3591214795775111,0,,,,
"""I'm sorry I fucked yo bitch... But she really dig a nigga"" @KingL",0.3588220347480315,0,,,,
It's the most hillbilly thought ever. A thing is a way ONE TIME or to ONE AUDIENCE and therefore it must be that way always.,0.358664973243412,0,,,,
S/O to flowing wells varsity soccer tomorrow yall are playing ironwood Kick their asses. I'm pretty sure this fag is playing @SamJAlexander,0.3579439449458267,0,,,,
What is up my twitta niccas!,0.35770928850715095,0,,,,
"When niggas wanna cheat they start an argument with their girl... ""bitch i told you i hate ketchup on my hotdogs, fuck this im out""",0.35710601129047564,0,,,,
"""if she can suck your dick with a dip in, she's not only a keeper but a true redneck woman."" - Kim's Dad.",0.6432351808732373,0,,,,
Smfh RT @pufntrees: @quanb24 trash..slow as fuck..cant even get a nike release on that,0.3567454592592187,0,,,,
LOL there's a talking monkey live on the internet! Will wonders never cease?,0.3562232881397982,0,,,,
RT @Spartacunt: I should get a job at the USPS customer service number since the only requirement is being a total cunt.,0.35584006098621246,0,,,,
@AustinZ18 &#128514;&#128514;&#128514;&#128514;&#128514; i can not wait to see this fucking cunt. Her ass is mine.&#128548;&#128548;&#128548;&#128548;,0.6445109647168206,0,,,,
The two ringless fags RT @EverybodyHatesX: Barkley &amp; Reggie were talking nonsense the entire game,0.6446130409062667,0,,,,
Wish they'd teach Tracee. RT @kanYeBreast: all chihuahuas do that squinty eye shit. I think it's hilarious.,0.3552475162646574,0,,,,
Fuck these hoes im gone &#9996;&#65039;,0.355147411741816,0,,,,
"95% of the truly talented people i've come across are retarded professionally. 95% of the awful, untalented people are on point and polite..",0.3551094419757108,0,,,,
Kinda RT @Peachpapayya: U mad friend?? RT @viaNAWF: Fat fucking funky nasty ass hoes,0.6450499980253745,0,,,,
"But you.. Nvm @BJayBlast: I don't see why men disrespect women by calling them offensive names like ""bitch"", ""hoe"", ""slut"", or ""female"". Smh",0.3545681561366655,0,,,,
Stop trying to be down honky http://t.co/0MALBNDkn9,0.6454411006592664,0,,,,
RT @KoolQueef: I gave up calling my wife a nigger during sex for lent.,0.6458060649643859,0,,,,
"""@RachieSoul: @DizzleOfficial inna di ghetto!!!"" You alone lmaoo",0.3539670565074242,0,,,,
"Any man even considering plastic surgery is gay gay gay imagine ya boy say ""I'd get more hoes then u after I get these new lips"" &#128514;&#128514;&#128514;",0.6461657648848375,0,,,,
@aschops absolutely agree with that statement. It's just so amusing how angry it makes all these teabagger scumbags. That alone is worth it.,0.35365472100688927,0,,,,
@mrgeology no you ignorant cement headed hillbilly. You said taxing. Cant you fuckin read you fucking knob gobbling douchebag,0.6468244458459482,1,,,,
If the servers for black ops 2 acts gay today this is my bitch fo the nite http://t.co/8rbDhEIa,0.3530892143074794,0,,,,
"RT @SalomaeSadiqa: It's because you can't bend me, you can't buy me and you can't make me into your nigger! #Farrakhan #TheTime",0.6474086230243475,1,,,,
Dese niggaz on Dat guala shit....... http://t.co/qcrTA7H80x,0.35246404455822783,0,,,,
@ryancommakerry @dianaaaxo @JennaAmendolare guys number 42 on the Yankees looks like uncle Stevie LMAO IM DYING,0.3521319123783673,0,,,,
Niggas cry when they get hit high and cry when they get hit low. NFL full of pussies now,0.35201783400681214,0,,,,
RT @Dewis14: @H_ToTheOV @dbrad_80 @Coleduff24 @Peckadelic @bgulll1611 you're all pussies. Only men throw whammers in their assholes,0.35180384300738,0,,,,
My mom told me never use the word cunt... ITS MY FAVORITE WORD!!! Cunt cunt cunt cunt cunt cunt cunt cunt cunt cunt cunt cunt cunt cunt cunt,0.3516609102720699,0,,,,
California has gangs because California is trash.,0.6493373348794128,0,,,,
"""@NotoriousBM95: @_WhitePonyJr_ Ariza is a snake and a coward"" but at least he isn't a cripple like your hero Roach lmaoo",0.3505928111206696,1,,,,
@WyattNuckels I'm not fake bitch meet me after school then nigga,0.3503217434087656,0,,,,
"RT @tanajiamonay_: i hate hype ass bitches, like ... it's too early for you to be all loud; sit tf down somewhere.",0.35030930985508807,0,,,,
RT @Swishas_Erbs: &#8220;@Vonteeeeee: 90% of the black girls at my school are ghetto AF&#8221; 98.6%,0.3502774008754258,0,,,,
I hate the ghetto trash at the special school across the street from my building. All of them will grow up to be criminals.,0.35024175222577875,1,,,,
"@kcSnowWhite7 @SamSaunders42 don't forget nappy headed, butt ugly bitch, who's married to a Muslim",0.3502109476149965,1,,,,
